Timestamp,ROI Index,Frequency (Hz)
4957242,1,8.151870728
4971528,1,8.121758461
4985814,1,7.51376152
5000100,1,8.071363449
5014386,1,8.099441528
5028672,1,8.068029404
5042958,1,7.996666908
5057244,1,7.992298126
5071530,1,7.992492676
5085816,1,8.095657349
5100102,1,7.939662933
5114388,1,8.08681488
5128674,1,7.967784882
5142960,1,7.883960247
5157246,1,8.081781387
5171532,1,7.772423744
5185818,1,8.081482887
5200104,1,7.9974823
5214390,1,7.885014057
5228676,1,8.04566288
5242962,1,8.006085396
5257248,1,8.10084343
5271534,1,8.08193779
5285820,1,7.923326492
5300106,1,8.010720253
5314392,1,8.087193012
5328678,1,8.083520889
5342964,1,8.0679636
5357250,1,7.865368366
5371536,1,7.997445107
5385822,1,7.721476555
5400108,1,8.021666527
5414394,1,8.031303883
5428680,1,7.996028423
5442966,1,7.96446085
5457252,1,8.026538849
5471538,1,7.912718296
5485824,1,7.842152596
5500110,1,8.029288292
5514396,1,7.946521282
5528682,1,7.967123032
5542968,1,7.806166172
5557254,1,7.981497765
5571540,1,7.969035625
5585826,1,8.026224136
5600112,1,8.071928024
5614398,1,8.075238705
5628684,1,7.837471485
5642970,1,7.933261871
5657256,1,8.066783905
5671542,1,7.80889225
5685828,1,8.077829361
5700114,1,7.949011326
5714400,1,7.974832535
5728686,1,8.045801163
5742972,1,8.024215698
5757258,1,7.958123684
5771544,1,7.932465553
5785830,1,7.883757591
5800116,1,7.867550373
5814402,1,8.090367317
5828688,1,8.091242313
5842974,1,7.277977943
5857260,1,7.992305279
5871546,1,8.034430504
5885832,1,8.113769054
5900118,1,7.952296734
5914404,1,7.930987835
5928690,1,8.055455208
5942976,1,8.050997734
5957262,1,8.104162216
5971548,1,7.948284626
5985834,1,7.247639179
6000120,1,7.929353714
6014406,1,8.108565807
6028692,1,7.828943253
6042978,1,8.028547287
6057264,1,8.063368797
6071550,1,7.733658552
6085836,1,7.862539768
6100122,1,8.009370804
6114408,1,7.959427834
6128694,1,8.046149254
6142980,1,7.537516594
6157266,1,8.093300819
6171552,1,7.979514122
6185838,1,8.045660019
6200124,1,8.081799984
6214410,1,8.104189873
6228696,1,7.538731575
6242982,1,7.64218092
6257268,1,7.954754353
6271554,1,7.740294456
6285840,1,8.081518173
6300126,1,7.248477936
6314412,1,7.942100048
6328698,1,7.892299414
6342984,1,8.059146881
6357270,1,8.145125866
6371556,1,7.94613409
6385842,1,7.482486248
6400128,1,7.900112152
6414414,1,8.039920807
6428700,1,8.107302666
6442986,1,8.013053894
6457272,1,7.888878822
6471558,1,7.970104218
6485844,1,7.931852341
6500130,1,8.028481483
6514416,1,8.029927254
6528702,1,8.070448875
6542988,1,8.080104828
6557274,1,8.057004929
6571560,1,8.109769821
6585846,1,7.94465971
6600132,1,7.224879742
6614418,1,8.094587326
6628704,1,7.911156178
6642990,1,7.836356163
6657276,1,7.979301929
6671562,1,8.02453804
6685848,1,8.021230698
6700134,1,7.96775198
6714420,1,8.017062187
6728706,1,7.886762619
6742992,1,7.9713974
6757278,1,8.054447174
6771564,1,8.028874397
6785850,1,8.029942513
6800136,1,8.042740822
6814422,1,7.970009804
6828708,1,8.083028793
6842994,1,8.060113907
6857280,1,8.002243996
6871566,1,7.913732529
6885852,1,7.985698223
6900138,1,8.109348774
6914424,1,8.083054543
6928710,1,7.539300919
6942996,1,8.059855938
6957282,1,7.964507103
6971568,1,8.134333611
6985854,1,8.166115284
7000140,1,7.986521721
7014426,1,8.05226326
7028712,1,8.078907013
7042998,1,8.094449997
7057284,1,8.093516827
7071570,1,8.038760185
7085856,1,7.877705574
7100142,1,7.898691177
7114428,1,8.08554554
7128714,1,7.548152447
7143000,1,8.086143017
7157286,1,8.117294312
7171572,1,8.04339695
7185858,1,7.890986919
7200144,1,7.998219013
7214430,1,8.109404087
7228716,1,8.027148247
7243002,1,8.011713028
7257288,1,7.988188267
7271574,1,8.015769958
7285860,1,8.082704544
7300146,1,8.087325096
7314432,1,7.913661003
7328718,1,8.059824944
7343004,1,7.889694691
7357290,1,8.092926025
7371576,1,7.263876438
7385862,1,7.954593658
7400148,1,8.005554199
7414434,1,8.052022934
7428720,1,7.799060345
7443006,1,8.021380424
7457292,1,8.052641869
7471578,1,8.06175518
7485864,1,7.766355991
7500150,1,8.081439018
7514436,1,8.086799622
7528722,1,8.083192825
7543008,1,7.965876579
7557294,1,7.831647873
7571580,1,8.003757477
7585866,1,7.888726711
7600152,1,7.813905716
7614438,1,8.075878143
7628724,1,8.036944389
7643010,1,7.910905838
7657296,1,7.990613461
7671582,1,7.816611767
7685868,1,7.789689064
7700154,1,8.107048035
7714440,1,7.918052673
7728726,1,7.976047516
7743012,1,7.969605923
7757298,1,8.078354836
7771584,1,8.046461105
7785870,1,7.995831013
7800156,1,8.116704464
7814442,1,8.080933094
7828728,1,8.019592285
7843014,1,7.721469402
7857300,1,7.943422318
7871586,1,8.036249161
7885872,1,8.010751724
7900158,1,7.603796959
7914444,1,8.092310905
7928730,1,8.081788063
7943016,1,7.993098259
7957302,1,7.743404865
7971588,1,7.978811264
7985874,1,7.921437263
8000160,1,7.972481251
8014446,1,8.060799599
8028732,1,8.044971466
8043018,1,7.978283882
8057304,1,7.996247768
8071590,1,8.086636543
8085876,1,7.956469536
8100162,1,8.07204628
8114448,1,8.087518692
8128734,1,8.116682529
8143020,1,8.031147957
8157306,1,7.20923686
8171592,1,8.084797382
8185878,1,8.074533463
8200164,1,8.05053997
8214450,1,8.056427002
8228736,1,8.020766258
8243022,1,8.079504967
8257308,1,7.961346626
8271594,1,8.008597374
8285880,1,8.041249275
8300166,1,7.882351875
8314452,1,7.929644108
8328738,1,7.905247211
8343024,1,7.886828899
8357310,1,7.536538601
8371596,1,7.881833553
8385882,1,8.095966339
8400168,1,7.967738152
8414454,1,7.893043041
8428740,1,8.084047318
8443026,1,7.99293375
8457312,1,7.901348114
8471598,1,7.990648746
8485884,1,7.995406151
8500170,1,7.95197916
8514456,1,8.049822807
8528742,1,8.0671134
8543028,1,8.031908035
8557314,1,8.069389343
8571600,1,8.015708923
8585886,1,7.897523403
8600172,1,8.077957153
8614458,1,8.024728775
8628744,1,8.074337006
8643030,1,7.886648178
8657316,1,8.05226326
8671602,1,7.980721951
8685888,1,7.90127039
8700174,1,7.921672821
8714460,1,8.06438446
8728746,1,7.957161903
8743032,1,8.084404945
8757318,1,8.09828949
8771604,1,7.960227013
8785890,1,8.063373566
8800176,1,7.93035984
8814462,1,7.705823421
8828748,1,7.996068478
8843034,1,8.079248428
8857320,1,8.022679329
8871606,1,8.058002949
8885892,1,8.026285172
8900178,1,7.573253632
8914464,1,7.539112568
8928750,1,7.960486412
8943036,1,8.074874401
8957322,1,7.973688602
8971608,1,7.714464664
8985894,1,7.35167408
9000180,1,8.080945969
9014466,1,7.750453949
9028752,1,8.06341362
9043038,1,7.406542778
9057324,1,7.951831818
9071610,1,7.913928509
9085896,1,7.964474201
9100182,1,8.064723015
9114468,1,8.07462883
9128754,1,7.892848015
9143040,1,8.098963261
9157326,1,8.095728874
9171612,1,7.94224453
9185898,1,8.068601608
9200184,1,8.118713379
9214470,1,8.011282921
9228756,1,8.092738152
9243042,1,7.932283401
9257328,1,8.096085548
9271614,1,8.066409111
9285900,1,7.998463631
9300186,1,7.86689806
9314472,1,8.09095192
9328758,1,8.026423454
9343044,1,7.960570812
9357330,1,8.082146645
9371616,1,8.016195297
9385902,1,7.962786674
9400188,1,8.09588623
9414474,1,8.048014641
9428760,1,8.060706139
9443046,1,8.153912544
9457332,1,7.250937462
9471618,1,7.53867197
9485904,1,8.01974678
9500190,1,8.041317463
9514476,1,8.054220676
9528762,1,7.967180729
9543048,1,8.1008358
9557334,1,7.753358364
9571620,1,8.023357391
9585906,1,7.960729599
9600192,1,8.059889793
9614478,1,8.045203209
9628764,1,7.897548676
9643050,1,8.03336525
9657336,1,8.072136879
9671622,1,7.775631428
9685908,1,8.100987434
9700194,1,7.979498386
9714480,1,8.019257545
9728766,1,7.968306065
9743052,1,7.994781971
9757338,1,7.552201748
9771624,1,8.067691803
9785910,1,8.087340355
9800196,1,8.038192749
9814482,1,7.699003696
9828768,1,8.012013435
9843054,1,7.943284988
9857340,1,8.011852264
9871626,1,7.912744522
9885912,1,7.603034019
9900198,1,8.021862984
9914484,1,8.036657333
9928770,1,7.6244874
9943056,1,8.004607201
9957342,1,8.015616417
9971628,1,7.896520138
9985914,1,7.984181404
10000200,1,8.017983437
10014486,1,7.980503082
10028772,1,8.103941917
10043058,1,8.017803192
10057344,1,8.088168621
10071630,1,8.060764313
10085916,1,8.086042404
10100202,1,8.003708839
10114488,1,7.963788033
10128774,1,8.100764751
10143060,1,7.256250381
10157346,1,7.959424973
10171632,1,7.884879589
10185918,1,7.996261597
10200204,1,7.927151203
10214490,1,8.00538063
10228776,1,8.029871941
10243062,1,7.98721981
10257348,1,8.044425964
10271634,1,7.259128094
10285920,1,7.978068113
10300206,1,7.550040245
10314492,1,7.919811726
10328778,1,8.06529808
10343064,1,8.06115818
10357350,1,8.108335972
10371636,1,7.732309103
10385922,1,8.021302223
10400208,1,8.067955017
10414494,1,8.016191483
10428780,1,7.989920616
10443066,1,8.080148697
10457352,1,7.952465534
10471638,1,7.869825363
10485924,1,7.277016401
10500210,1,7.987010956
10514496,1,7.990069866
10528782,1,8.141811371
10543068,1,7.99936676
10557354,1,7.965198994
10571640,1,8.022759438
10585926,1,8.088814735
10600212,1,7.971972942
10614498,1,8.035913467
10628784,1,8.014533997
10643070,1,8.019789696
10657356,1,8.021990776
10671642,1,8.162029266
10685928,1,8.069726944
10700214,1,8.103555679
10714500,1,8.064065933
10728786,1,7.517211437
10743072,1,8.01099205
10757358,1,7.276665449
10771644,1,8.131629467
10785930,1,8.025792599
10800216,1,7.978528023
10814502,1,7.198119164
10828788,1,8.03096199
10843074,1,7.863977432
10857360,1,7.98769331
10871646,1,8.01378727
10885932,1,8.050029278
10900218,1,7.989134312
10914504,1,7.9618783
10928790,1,7.88061285
10943076,1,8.027799606
10957362,1,7.942695618
10971648,1,7.949248314
10985934,1,8.059095383
11000220,1,8.059186935
11014506,1,7.99248457
11028792,1,7.925822735
11043078,1,8.068915367
11057364,1,7.961857319
11071650,1,8.101070404
11085936,1,8.00110054
11100222,1,7.611518383
11114508,1,8.009537697
11128794,1,7.803620815
11143080,1,8.02602005
11157366,1,8.134436607
11171652,1,8.080000877
11185938,1,8.098511696
11200224,1,8.060347557
11214510,1,7.724890709
11228796,1,7.967988491
11243082,1,8.106827259
11257368,1,7.928536892
11271654,1,8.109027386
11285940,1,8.120241642
11300226,1,8.052083015
11314512,1,8.116406918
11328798,1,8.11831522
11343084,1,7.762578011
11357370,1,8.071009636
11371656,1,8.121044159
11385942,1,7.719896317
11400228,1,7.762297869
11414514,1,8.048252106
11428800,1,8.081438541
11443086,1,8.030911446
11457372,1,8.101700306
11471658,1,7.261500597
11485944,1,8.025612831
11500230,1,7.899269104
11514516,1,7.261395216
11528802,1,7.967282772
11543088,1,8.004241943
11557374,1,8.068519592
11571660,1,8.009407997
11585946,1,8.108080387
11600232,1,7.756996155
11614518,1,8.076024055
11628804,1,8.12802887
11643090,1,8.027365685
11657376,1,8.033906937
11671662,1,8.102879047
11685948,1,8.097665787
11700234,1,8.10310173
11714520,1,8.047338247
11728806,1,8.064705849
11743092,1,7.713766336
11757378,1,8.041086197
11771664,1,7.92942524
11785950,1,8.090763092
11800236,1,8.018112183
11814522,1,7.892437935
11828808,1,8.041109085
11843094,1,8.000638008
11857380,1,8.080649376
11871666,1,7.950666904
11885952,1,7.926575661
11900238,1,7.979960442
11914524,1,8.078059196
11928810,1,8.098070621
11943096,1,8.086332798
11957382,1,7.908704758
11971668,1,8.041284561
11985954,1,8.042582512
12000240,1,8.089395523
12014526,1,8.08694315
12028812,1,7.976046562
12043098,1,8.072522163
12057384,1,8.069454193
12071670,1,8.064074516
12085956,1,8.0747118
12100242,1,7.88843298
12114528,1,7.871142387
12128814,1,7.728177071
12143100,1,8.052054882
12157386,1,8.089267731
12171672,1,8.09330225
12185958,1,7.623941422
12200244,1,7.964413166
12214530,1,7.83066082
12228816,1,8.064571381
12243102,1,7.757178307
12257388,1,7.988274574
12271674,1,7.974989414
12285960,1,8.081251144
12300246,1,7.824675083
12314532,1,7.735165119
12328818,1,7.509126186
12343104,1,7.970849037
12357390,1,8.115825653
12371676,1,8.086754799
12385962,1,8.088181019
12400248,1,7.5317173
12414534,1,8.095913887
12428820,1,8.018335342
12443106,1,8.047714233
12457392,1,8.055491447
12471678,1,7.63850975
12485964,1,8.019452095
12500250,1,8.001738548
12514536,1,7.846143723
12528822,1,8.020170212
12543108,1,8.092840195
12557394,1,8.061290741
12571680,1,7.346197367
12585966,1,7.704699039
12600252,1,8.007860184
12614538,1,7.943083763
12628824,1,8.079403877
12643110,1,8.064771652
12657396,1,8.059848785
12671682,1,8.056743622
12685968,1,7.984003067
12700254,1,8.045550346
12714540,1,8.078343391
12728826,1,8.055568695
12743112,1,8.016924858
12757398,1,8.008974075
12771684,1,7.995977402
12785970,1,7.637765408
12800256,1,7.863796234
12814542,1,8.109995365
12828828,1,8.102802277
12843114,1,7.852713585
12857400,1,7.938700199
12871686,1,8.109841347
12885972,1,8.047558784
12900258,1,8.016338348
12914544,1,8.045824051
12928830,1,7.759716511
12943116,1,8.013494492
12957402,1,8.068155289
12971688,1,7.994641304
12985974,1,8.101903915
13000260,1,8.010392189
13014546,1,8.086920738
13028832,1,8.050356865
13043118,1,8.013613701
13057404,1,8.100785732
13071690,1,8.096599579
13085976,1,8.063657761
13100262,1,8.053949356
13114548,1,7.867321491
13128834,1,7.912718773
13143120,1,7.822218418
13157406,1,7.785358906
13171692,1,8.14237833
13185978,1,8.001836777
13200264,1,8.114836693
13214550,1,7.946696758
13228836,1,7.375268459
13243122,1,8.033761978
13257408,1,8.089835167
13271694,1,8.017392159
13285980,1,7.950922012
13300266,1,8.018490791
13314552,1,7.283847094
13328838,1,7.714710236
13343124,1,8.068628311
13357410,1,8.00080204
13371696,1,8.046372414
13385982,1,7.94474268
13400268,1,8.016190529
13414554,1,7.775705814
13428840,1,7.95126915
13443126,1,8.107449532
13457412,1,8.038736343
13471698,1,8.010767937
13485984,1,8.027784348
13500270,1,8.080814362
13514556,1,7.972895145
13528842,1,8.020720482
13543128,1,7.943138123
13557414,1,8.06114769
13571700,1,7.203573704
13585986,1,7.908261776
13600272,1,7.788355827
13614558,1,7.913262844
13628844,1,8.04219532
13643130,1,8.0790205
13657416,1,7.879481316
13671702,1,7.811420441
13685988,1,8.089148521
13700274,1,7.877286434
13714560,1,8.091926098
13728846,1,8.026960611
13743132,1,8.012347221
13757418,1,8.025677681
13771704,1,7.905409813
13785990,1,7.940559864
13800276,1,8.075930595
13814562,1,8.07212162
13828848,1,7.73849225
13843134,1,8.103971481
13857420,1,8.045685768
13871706,1,8.010068893
13885992,1,8.073180199
13900278,1,8.086996555
13914564,1,7.294899702
13928850,1,7.948573589
13943136,1,7.898041248
13957422,1,8.158305168
13971708,1,8.087731361
13985994,1,8.142288685
14000280,1,8.056376457
14014566,1,8.14243412
14028852,1,7.909655094
14043138,1,8.073865891
14057424,1,8.088013649
14071710,1,8.049372196
14085996,1,8.079347134
14100282,1,7.955964565
14114568,1,8.052316666
14128854,1,8.000590324
14143140,1,8.113946915
14157426,1,7.932281971
14171712,1,8.047122002
14185998,1,7.990422249
14200284,1,8.020161629
14214570,1,8.093983173
14228856,1,7.904438496
14243142,1,8.077820778
14257428,1,7.965569496
14271714,1,8.004609108
14286000,1,7.996985435
14300286,1,8.015336037
14314572,1,8.076870918
14328858,1,8.082260609
14343144,1,7.680828571
14357430,1,8.094822407
14371716,1,7.505432129
14386002,1,8.036513805
14400288,1,7.85915184
14414574,1,7.971639633
14428860,1,7.87160778
14443146,1,8.056111336
14457432,1,8.075983047
14471718,1,7.95975256
14486004,1,8.103672981
14500290,1,7.945363045
14514576,1,8.18325901
14528862,1,7.993868351
14543148,1,8.050475121
14557434,1,8.055215836
14571720,1,7.933318615
14586006,1,7.927232265
14600292,1,7.904308796
14614578,1,8.082458496
14628864,1,8.105240822
14643150,1,7.729589701
14657436,1,8.067391396
14671722,1,8.009477615
14686008,1,8.053694725
14700294,1,7.261430264
14714580,1,7.957537174
14728866,1,8.046323776
14743152,1,7.636289597
14757438,1,8.107584476
14771724,1,8.058012962
14786010,1,8.079054832
14800296,1,7.875225067
14814582,1,8.070517063
14828868,1,7.28919673
14843154,1,7.904510498
14857440,1,8.078316689
14871726,1,8.014669418
14886012,1,8.100220203
14900298,1,8.092022419
14914584,1,8.01978302
14928870,1,8.039822578
14943156,1,8.018871307
14957442,1,8.080430031
14971728,1,7.729516745
14986014,1,8.093793869
15000300,1,7.569431782
15014586,1,7.933867931
15028872,1,8.024858475
15043158,1,8.020923615
15057444,1,8.056826591
15071730,1,8.038690329
15086016,1,7.992551327
15100302,1,7.877340794
15114588,1,7.260710239
15128874,1,7.865882874
15143160,1,8.074530602
15157446,1,8.031100273
15171732,1,8.060732841
15186018,1,7.899040699
15200304,1,8.032155037
15214590,1,8.040319443
15228876,1,8.061706543
15243162,1,7.973820686
15257448,1,8.036597252
15271734,1,7.972282887
15286020,1,8.006331444
15300306,1,8.112071991
15314592,1,7.917242527
15328878,1,8.096280098
15343164,1,8.082432747
15357450,1,8.050746918
15371736,1,7.779266834
15386022,1,8.12870121
15400308,1,8.09535408
15414594,1,7.725781679
15428880,1,8.007468224
15443166,1,8.007424355
15457452,1,8.023760796
15471738,1,7.96340847
15486024,1,7.880213737
15500310,1,8.038919449
15514596,1,7.731775284
15528882,1,8.067942619
15543168,1,8.089848518
15557454,1,7.902027607
15571740,1,8.000542641
15586026,1,8.088021278
15600312,1,7.945737362
15614598,1,7.899739265
15628884,1,8.076684952
15643170,1,8.078582764
15657456,1,7.604159832
15671742,1,7.923843384
15686028,1,8.063211918
15700314,1,8.002761841
15714600,1,8.004882813
15728886,1,7.477424145
15743172,1,7.479120255
15757458,1,8.016569138
15771744,1,8.089332581
15786030,1,8.060743332
15800316,1,8.102842808
15814602,1,7.700960159
15828888,1,8.074550629
15843174,1,7.96819973
15857460,1,8.131624699
15871746,1,7.995377541
15886032,1,8.061800957
15900318,1,7.974325657
15914604,1,8.010586739
15928890,1,8.049402237
15943176,1,7.980955124
15957462,1,7.748557568
15971748,1,8.000836372
15986034,1,8.040698051
16000320,1,8.068729877
16014606,1,7.514484406
16028892,1,7.971019745
16043178,1,8.069874763
16057464,1,7.738311529
16071750,1,8.063141823
16086036,1,8.089446068
16100322,1,7.867213249
16114608,1,7.977375507
16128894,1,8.08435154
16143180,1,8.078271866
16157466,1,7.724135399
16171752,1,8.183482647
16186038,1,8.116071224
16200324,1,7.769301891
16214610,1,7.984462738
16228896,1,8.017299652
16243182,1,7.986614704
16257468,1,8.064095497
16271754,1,8.116056442
16286040,1,7.942603588
16300326,1,8.066926003
16314612,1,8.088116646
16328898,1,8.013983727
16343184,1,7.970174313
16357470,1,8.00371933
16371756,1,7.825567245
16386042,1,7.96091938
16400328,1,8.02570343
16414614,1,8.102180004
16428900,1,8.028113365
16443186,1,8.103045464
16457472,1,7.963857174
16471758,1,8.102628708
16486044,1,7.957157612
16500330,1,7.565183163
16514616,1,7.671438217
16528902,1,7.993723392
16543188,1,7.954560757
16557474,1,8.056970596
16571760,1,8.048240662
16586046,1,7.946761131
16600332,1,7.823970795
16614618,1,8.102800846
16628904,1,8.045733929
16643190,1,8.076762199
16657476,1,8.09256506
16671762,1,8.069976807
16686048,1,8.054883003
16700334,1,8.077881813
16714620,1,8.085921764
16728906,1,8.05809021
16743192,1,7.999948025
16757478,1,8.038267136
16771764,1,7.844842434
16786050,1,8.02445507
16800336,1,7.937090397
16814622,1,7.885213852
16828908,1,8.054675102
16843194,1,8.093511581
16857480,1,8.079208851
16871766,1,8.027745247
16886052,1,8.004434586
16900338,1,7.659674644
16914624,1,8.089111328
16928910,1,8.035322189
16943196,1,8.029444695
16957482,1,8.027698517
16971768,1,8.06084919
16986054,1,8.045005322
17000340,1,8.063411713
17014626,1,8.004833221
17028912,1,7.971157074
17043198,1,7.996804237
17057484,1,8.099269867
17071770,1,8.044935226
17086056,1,7.647175789
17100342,1,7.967889309
17114628,1,7.882292271
17128914,1,8.033993721
17143200,1,7.786783695
17157486,1,8.129634857
17171772,1,7.71496892
17186058,1,8.061825752
17200344,1,8.097278118
17214630,1,8.034533501
17228916,1,7.97867918
17243202,1,8.096707344
17257488,1,7.842067242
17271774,1,8.084979534
17286060,1,8.006054878
17300346,1,8.126297474
17314632,1,8.049239159
17328918,1,8.046681404
17343204,1,8.066151619
17357490,1,8.00496769
17371776,1,7.9792099
17386062,1,8.079798698
17400348,1,7.983071327
17414634,1,8.001379967
17428920,1,8.077647209
17443206,1,7.852552414
17457492,1,8.064899445
17471778,1,8.055830002
17486064,1,7.93152523
17500350,1,8.121037006
17514636,1,8.062288761
17528922,1,8.105957031
17543208,1,8.044812202
17557494,1,8.036608696
17571780,1,8.102396488
17586066,1,8.05794096
17600352,1,8.080508232
17614638,1,7.978010654
17628924,1,8.026040077
17643210,1,8.113167286
17657496,1,8.041261196
17671782,1,8.106725693
17686068,1,7.86187458
17700354,1,7.747830868
17714640,1,7.398358822
17728926,1,8.052109718
17743212,1,8.101539612
17757498,1,8.100944042
17771784,1,8.035716057
17786070,1,8.082452774
17800356,1,8.037282944
17814642,1,8.052024841
17828928,1,8.081299782
17843214,1,7.924201965
17857500,1,8.11321497
17871786,1,8.086676598
17886072,1,8.06023407
17900358,1,8.009421349
17914644,1,7.962914944
17928930,1,7.989524841
17943216,1,7.818852425
17957502,1,7.945039749
17971788,1,8.078672886
17986074,1,8.094309807
18000360,1,8.106336594
18014646,1,7.895326614
18028932,1,8.053739548
18043218,1,7.605439186
18057504,1,7.974664688
18071790,1,7.706557512
18086076,1,7.822578669
18100362,1,8.002124786
18114648,1,7.836158276
18128934,1,8.038086891
18143220,1,8.018209457
18157506,1,8.07863903
18171792,1,8.100533962
18186078,1,8.062661171
18200364,1,8.097425938
18214650,1,8.061556578
18228936,1,8.051502228
18243222,1,8.103448391
18257508,1,7.942713261
18271794,1,8.088423729
18286080,1,8.098439693
18300366,1,7.995834351
18314652,1,8.084050179
18328938,1,7.542766571
18343224,1,8.039260864
18357510,1,8.013894081
18371796,1,8.088079453
18386082,1,8.083843231
18400368,1,8.071985245
18414654,1,7.986946106
18428940,1,8.074376106
18443226,1,8.113980293
18457512,1,8.053307533
18471798,1,8.076971054
18486084,1,7.833353996
18500370,1,7.976662159
18514656,1,7.846157074
18528942,1,8.074524879
18543228,1,7.932830811
18557514,1,8.097893715
18571800,1,8.061537266
18586086,1,8.01482296
18600372,1,7.729697943
18614658,1,7.965015888
18628944,1,7.906682968
18643230,1,8.030700684
18657516,1,8.180021048
18671802,1,7.915392399
18686088,1,7.358028412
18700374,1,8.03576088
18714660,1,7.973556042
18728946,1,8.011629105
18743232,1,7.729301691
18757518,1,8.048401833
18771804,1,7.603562832
18786090,1,7.951676369
18800376,1,8.091508865
18814662,1,7.732117653
18828948,1,8.067885399
18843234,1,8.068730354
18857520,1,7.998055935
18871806,1,8.063174486
18886092,1,7.980913639
18900378,1,7.857489109
18914664,1,7.634320736
18928950,1,8.108677387
18943236,1,8.083742619
18957522,1,7.918218136
18971808,1,8.10847044
18986094,1,8.032059669
19000380,1,8.066970825
19014666,1,8.057397842
19028952,1,7.985808372
19043238,1,8.043790817
19057524,1,8.042588234
19071810,1,8.036383629
19086096,1,7.957558155
19100382,1,8.094541073
19114668,1,8.083973885
19128954,1,8.039024353
19143240,1,8.015917778
19157526,1,7.922004223
19171812,1,7.676599503
19186098,1,8.058690548
19200384,1,8.004926682
19214670,1,8.012086868
19228956,1,7.947450638
19243242,1,8.061893463
19257528,1,8.055975914
19271814,1,8.076132774
19286100,1,8.075232506
19300386,1,8.074350357
19314672,1,8.053750038
19328958,1,8.068592072
19343244,1,7.874494076
19357530,1,8.094145775
19371816,1,8.090071678
19386102,1,7.997390032
19400388,1,8.057481766
19414674,1,8.021290779
19428960,1,8.031856537
19443246,1,7.963954926
19457532,1,7.984587193
19471818,1,7.997843742
19486104,1,8.066075325
19500390,1,8.061136246
19514676,1,7.964726448
19528962,1,7.942360401
19543248,1,7.98172617
19557534,1,8.047318459
19571820,1,7.881586552
19586106,1,7.744384766
19600392,1,7.945995808
19614678,1,8.092157364
19628964,1,8.010223389
19643250,1,7.980846882
19657536,1,8.026743889
19671822,1,8.108606339
19686108,1,8.075874805
19700394,1,7.489495754
19714680,1,7.906426907
19728966,1,7.55144453
19743252,1,8.066839218
19757538,1,7.940610886
19771824,1,7.99431181
19786110,1,8.088028908
19800396,1,8.078885078
19814682,1,7.997441769
19828968,1,7.936103821
19843254,1,7.544793129
19857540,1,7.994900703
19871826,1,7.967951775
19886112,1,7.986557007
19900398,1,7.85477066
19914684,1,7.978137493
19928970,1,8.026900291
19943256,1,7.77415514
19957542,1,7.770675182
19971828,1,8.033708572
19986114,1,7.933713436
20000400,1,8.05990243
20014686,1,7.82384634
20028972,1,8.031973839
20043258,1,7.923637867
20057544,1,8.030965805
20071830,1,7.946129799
20086116,1,7.951265812
20100402,1,8.085895538
20114688,1,8.149368286
20128974,1,7.995850563
20143260,1,7.725596905
20157546,1,8.003212929
20171832,1,7.501822948
20186118,1,8.060090065
20200404,1,7.861273766
20214690,1,8.092795849
20228976,1,8.061763763
20243262,1,8.032860756
20257548,1,7.877984047
20271834,1,7.972991943
20286120,1,7.473753452
20300406,1,8.096214294
20314692,1,7.302316427
20328978,1,8.010313988
20343264,1,7.723379612
20357550,1,8.059397697
20371836,1,7.545667171
20386122,1,7.968924522
20400408,1,7.970323563
20414694,1,8.014876366
20428980,1,8.110603333
20443266,1,8.00409317
20457552,1,8.054347992
20471838,1,8.095006943
20486124,1,7.989665031
20500410,1,7.994959354
20514696,1,7.962623596
20528982,1,7.966611385
20543268,1,7.765684128
20557554,1,7.582385063
20571840,1,7.985826015
20586126,1,8.107888222
20600412,1,8.066558838
20614698,1,8.16925621
20628984,1,8.044488907
20643270,1,7.993906975
20657556,1,8.111121655
20671842,1,8.077766895
20686128,1,8.057523727
20700414,1,8.021400452
20714700,1,8.036642075
20728986,1,8.00417614
20743272,1,8.085008621
20757558,1,8.016420364
20771844,1,8.066508293
20786130,1,8.047475815
20800416,1,7.903812885
20814702,1,8.037304878
20828988,1,7.595701694
20843274,1,8.000728607
20857560,1,8.1060853
20871846,1,8.01799202
20886132,1,8.096434116
20900418,1,7.884677887
20914704,1,8.077745438
20928990,1,7.881571293
20943276,1,7.895286083
20957562,1,8.057185173
20971848,1,8.035039902
20986134,1,8.083724976
21000420,1,7.971164227
21014706,1,7.949629784
21028992,1,7.990239143
21043278,1,8.124430656
21057564,1,8.054683685
21071850,1,8.097156525
21086136,1,7.211375713
21100422,1,8.095839977
21114708,1,8.03564167
21128994,1,7.590232849
21143280,1,7.961356163
21157566,1,7.876594067
21171852,1,7.925297737
21186138,1,8.030514717
21200424,1,8.123166084
21214710,1,7.731681585
21228996,1,8.139545441
21243282,1,7.950378895
21257568,1,8.04432869
21271854,1,7.977367401
21286140,1,8.122219563
21300426,1,8.077277184
21314712,1,7.984203339
21328998,1,7.942430973
21343284,1,7.978762627
21357570,1,7.680307388
21371856,1,7.267062426
21386142,1,8.054915428
21400428,1,7.976707458
21414714,1,7.91897583
21429000,1,8.095244884
21443286,1,8.078204155
21457572,1,8.021705627
21471858,1,7.971423626
21486144,1,8.145721436
21500430,1,8.031761169
21514716,1,8.065105438
21529002,1,7.691726685
21543288,1,8.066321373
21557574,1,7.985449314
21571860,1,7.73335433
21586146,1,8.011252403
21600432,1,8.088794231
21614718,1,7.948556423
21629004,1,8.166770458
21643290,1,7.738964319
21657576,1,7.887579918
21671862,1,8.068909645
21686148,1,7.860110283
21700434,1,8.081290245
21714720,1,8.108654022
21729006,1,8.083281517
21743292,1,7.635251045
21757578,1,7.511190414
21771864,1,8.007863045
21786150,1,8.099994183
21800436,1,8.113236427
21814722,1,7.871538639
21829008,1,8.098437786
21843294,1,8.092961788
21857580,1,8.099392414
21871866,1,7.907847881
21886152,1,7.919621468
21900438,1,7.912323952
21914724,1,7.887040615
21929010,1,7.610396862
21943296,1,8.001760483
21957582,1,7.983678341
21971868,1,7.999260902
21986154,1,8.073863983
22000440,1,7.857559681
22014726,1,7.974215508
22029012,1,8.088065147
22043298,1,8.090176582
22057584,1,7.607435226
22071870,1,8.0272789
22086156,1,7.891809464
22100442,1,7.970199585
22114728,1,8.095830917
22129014,1,8.129166603
22143300,1,7.816437244
22157586,1,7.915287018
22171872,1,7.937846661
22186158,1,8.083852768
22200444,1,8.03610611
22214730,1,7.926656246
22229016,1,7.948580265
22243302,1,7.903104305
22257588,1,7.766897678
22271874,1,8.033994198
22286160,1,7.979563236
22300446,1,8.046840668
22314732,1,8.110147953
22329018,1,8.021428108
22343304,1,7.964197636
22357590,1,7.938687801
22371876,1,7.942781925
22386162,1,7.96230793
22400448,1,8.054481506
22414734,1,8.11400032
22429020,1,8.016727448
22443306,1,7.924433231
22457592,1,7.256701469
22471878,1,8.077310562
22486164,1,8.015823364
22500450,1,8.016493797
22514736,1,7.870322227
22529022,1,8.054306984
22543308,1,8.095927238
22557594,1,8.180728912
22571880,1,7.282181263
22586166,1,7.906014442
22600452,1,8.014296532
22614738,1,7.946278095
22629024,1,7.97835207
22643310,1,7.69208622
22657596,1,7.932397842
22671882,1,8.066123009
22686168,1,8.145168781
22700454,1,7.720212936
22714740,1,7.964035511
22729026,1,7.409236431
22743312,1,7.935388565
22757598,1,8.091572285
22771884,1,8.099712849
22786170,1,8.092130661
22800456,1,8.053052902
22814742,1,7.937312126
22829028,1,7.98431778
22843314,1,8.033140182
22857600,1,8.011260033
22871886,1,7.856221676
22886172,1,8.044394493
22900458,1,7.709712505
22914744,1,8.038835526
22929030,1,7.912371635
22943316,1,7.942140579
22957602,1,8.033886909
22971888,1,8.065944672
22986174,1,8.088524818
23000460,1,8.01745224
23014746,1,7.807688236
23029032,1,8.052173615
23043318,1,8.041894913
23057604,1,7.990815878
23071890,1,8.114038944
23086176,1,8.165980816
23100462,1,8.084587097
23114748,1,8.03550148
23129034,1,8.080819607
23143320,1,7.989789009
23157606,1,8.110421181
23171892,1,8.056020737
23186178,1,8.078466415
23200464,1,7.998571157
23214750,1,8.078490257
23229036,1,8.12095499
23243322,1,8.117613792
23257608,1,8.000329971
23271894,1,8.048517227
23286180,1,8.059440613
23300466,1,7.976635456
23314752,1,7.999414444
23329038,1,8.003599167
23343324,1,8.060797691
23357610,1,8.01543808
23371896,1,8.020693779
23386182,1,7.98713541
23400468,1,8.073340416
23414754,1,7.987348557
23429040,1,7.636453629
23443326,1,8.041935921
23457612,1,8.150251389
23471898,1,8.017787457
23486184,1,7.903284073
23500470,1,7.193864584
23514756,1,8.060200691
23529042,1,7.976561069
23543328,1,8.064217567
23557614,1,7.992830753
23571900,1,8.00025177
23586186,1,8.053621292
23600472,1,8.080187798
23614758,1,8.003605843
23629044,1,8.07651329
23643330,1,7.899604797
23657616,1,7.994564056
23671902,1,7.307762623
23686188,1,7.995388508
23700474,1,8.072230339
23714760,1,8.117849827
23729046,1,8.012758255
23743332,1,7.77775526
23757618,1,8.074066162
23771904,1,8.098861694
23786190,1,7.921895981
23800476,1,8.010625839
23814762,1,7.936184406
23829048,1,7.965492725
23843334,1,8.087974548
23857620,1,7.956717491
23871906,1,7.497049332
23886192,1,8.037683487
23900478,1,7.743355036
23914764,1,7.877444267
23929050,1,7.634552479
23943336,1,8.058671951
23957622,1,8.063964844
23971908,1,8.080963135
23986194,1,7.956501484
24000480,1,8.082359314
24014766,1,8.018726349
24029052,1,8.106207848
24043338,1,8.014040947
24057624,1,8.022665024
24071910,1,8.027420998
24086196,1,7.882125378
24100482,1,7.744480848
24114768,1,8.085119247
24129054,1,8.027684212
24143340,1,7.928873539
24157626,1,8.096804142
24171912,1,7.529629707
24186198,1,8.05163002
24200484,1,8.119138718
24214770,1,7.913866043
24229056,1,8.119224548
24243342,1,8.049612999
24257628,1,7.716191292
24271914,1,8.148023605
24286200,1,7.54561758
24300486,1,7.977386951
24314772,1,8.092530251
24329058,1,8.056557655
24343344,1,7.695511341
24357630,1,8.074768066
24371916,1,8.015882492
24386202,1,8.067892075
24400488,1,8.025313377
24414774,1,8.027018547
24429060,1,7.724880695
24443346,1,7.700786591
24457632,1,8.074417114
24471918,1,8.10491991
24486204,1,7.875673294
24500490,1,8.086102486
24514776,1,7.934030056
24529062,1,8.095354557
24543348,1,7.912117958
24557634,1,8.068264961
24571920,1,8.024064064
24586206,1,7.962272167
24600492,1,7.72932601
24614778,1,7.947580338
24629064,1,8.06408596
24643350,1,7.918068886
24657636,1,8.059350014
24671922,1,8.01950264
24686208,1,7.733962059
24700494,1,7.64525032
24714780,1,8.095953465
24729066,1,8.013533592
24743352,1,8.070020676
24757638,1,8.031524658
24771924,1,8.071786404
24786210,1,7.984165192
24800496,1,7.980146885
24814782,1,8.031929016
24829068,1,7.994338512
24843354,1,7.82014513
24857640,1,8.026667595
24871926,1,7.306212425
24886212,1,7.996520519
24900498,1,7.729103565
24914784,1,8.062871933
24929070,1,8.136699677
24943356,1,8.09752655
24957642,1,7.993518353
24971928,1,7.977618694
24986214,1,7.847631931
25000500,1,8.024924278
25014786,1,7.979107857
25029072,1,7.945388794
25043358,1,7.737315655
25057644,1,8.021016121
25071930,1,7.987327576
25086216,1,8.038261414
25100502,1,8.096552372
25114788,1,7.768502235
25129074,1,8.10073185
25143360,1,7.997599125
25157646,1,7.824756145
25171932,1,8.110118866
25186218,1,8.035728455
25200504,1,8.034757614
25214790,1,7.933068752
25229076,1,8.026538849
25243362,1,8.069062233
25257648,1,7.987615585
25271934,1,8.017025948
25286220,1,8.128476143
25300506,1,8.054859161
25314792,1,8.042250156
25329078,1,7.299954414
25343364,1,8.125587463
25357650,1,7.51855135
25371936,1,8.073775291
25386222,1,7.935842037
25400508,1,8.024271965
25414794,1,8.074803352
25429080,1,8.107212067
25443366,1,8.074549675
25457652,1,7.982872486
25471938,1,7.879475594
25486224,1,8.024166107
25500510,1,8.056131363
25514796,1,8.070185661
25529082,1,8.06799221
25543368,1,8.019310951
25557654,1,7.938717842
25571940,1,7.980137825
25586226,1,7.923251629
25600512,1,8.015681267
25614798,1,7.287081242
25629084,1,7.96067524
25643370,1,7.981275082
25657656,1,7.605609417
25671942,1,8.12451458
25686228,1,7.880030155
25700514,1,8.036245346
25714800,1,8.089988708
25729086,1,7.960025311
25743372,1,7.95777607
25757658,1,7.29853344
25771944,1,7.269338131
25786230,1,8.043449402
25800516,1,7.900639534
25814802,1,8.025227547
25829088,1,8.054284096
25843374,1,8.037036896
25857660,1,8.134418011
25871946,1,8.090838909
25886232,1,7.944502831
25900518,1,7.943051815
25914804,1,8.029128075
25929090,1,8.060706139
25943376,1,7.919788837
25957662,1,8.058876038
25971948,1,7.796473503
25986234,1,8.148488522
26000520,1,7.953558445
26014806,1,8.085071564
26029092,1,7.970182896
26043378,1,8.083342552
26057664,1,8.052508831
26071950,1,7.305806875
26086236,1,8.125905037
26100522,1,8.013360023
26114808,1,7.851074696
26129094,1,7.884969234
26143380,1,8.068328857
26157666,1,7.904741764
26171952,1,7.888603687
26186238,1,7.953066349
26200524,1,8.103650093
26214810,1,8.060963631
26229096,1,7.939732552
26243382,1,8.048387527
26257668,1,7.942537785
26271954,1,7.97488451
26286240,1,8.030277252
26300526,1,7.931033134
26314812,1,7.504905701
26329098,1,8.061694145
26343384,1,7.997923851
26357670,1,7.971101284
26371956,1,7.313589811
26386242,1,8.104373932
26400528,1,8.126698017
26414814,1,7.699243069
26429100,1,7.990866661
26443386,1,8.075429916
26457672,1,8.061663628
26471958,1,7.949707985
26486244,1,8.047860146
26500530,1,8.101419449
26514816,1,7.998463631
26529102,1,7.70196104
26543388,1,8.024163246
26557674,1,8.049432755
26571960,1,8.068762779
26586246,1,8.033047676
26600532,1,7.749947786
26614818,1,8.053732872
26629104,1,8.087030411
26643390,1,8.091506004
26657676,1,7.537849903
26671962,1,8.067023277
26686248,1,8.113909721
26700534,1,8.045898438
26714820,1,8.106985569
26729106,1,7.98819828
26743392,1,8.04668045
26757678,1,8.035723686
26771964,1,7.813493252
26786250,1,7.975849628
26800536,1,8.051671028
26814822,1,8.023519993
26829108,1,8.051058769
26843394,1,7.869449615
26857680,1,7.782431602
26871966,1,8.019583702
26886252,1,8.047834396
26900538,1,8.037039757
26914824,1,8.084540367
26929110,1,7.806686878
26943396,1,8.096925735
26957682,1,8.101246357
26971968,1,8.050415993
26986254,1,8.003430367
27000540,1,8.107310295
27014826,1,7.995903492
27029112,1,8.100863934
27043398,1,8.100834846
27057684,1,7.213670731
27071970,1,8.083133698
27086256,1,8.08450079
27100542,1,7.316361189
27114828,1,8.089561462
27129114,1,8.002976418
27143400,1,7.213659763
27157686,1,8.024332047
27171972,1,7.960821629
27186258,1,8.032873154
27200544,1,7.970116138
27214830,1,7.314492941
27229116,1,8.087608337
27243402,1,7.998275757
27257688,1,8.041457176
27271974,1,8.120210648
27286260,1,8.072350502
27300546,1,8.112939835
27314832,1,8.055477142
27329118,1,7.53123951
27343404,1,8.052050591
27357690,1,7.531048298
27371976,1,8.015685081
27386262,1,8.00387764
27400548,1,8.08076334
27414834,1,8.114513397
27429120,1,7.846596241
27443406,1,7.99016571
27457692,1,7.969911098
27471978,1,8.075438499
27486264,1,8.07278347
27500550,1,8.089938641
27514836,1,8.023485899
27529122,1,8.067896843
27543408,1,7.820624828
27557694,1,8.084769249
27571980,1,8.056595802
27586266,1,8.087085724
27600552,1,8.026380539
27614838,1,7.958306313
27629124,1,8.054161072
27643410,1,8.028856277
27657696,1,8.103902817
27671982,1,8.079931259
27686268,1,8.094425201
27700554,1,8.066405296
27714840,1,8.030879974
27729126,1,8.062211037
27743412,1,8.061772346
27757698,1,8.094581127
27771984,1,7.970087051
27786270,1,8.070650101
27800556,1,8.074037552
27814842,1,7.852514267
27829128,1,8.105383396
27843414,1,8.041877747
27857700,1,7.891057014
27871986,1,7.59433651
27886272,1,8.00918293
27900558,1,8.104560852
27914844,1,8.10133934
27929130,1,8.010790825
27943416,1,8.070988655
27957702,1,8.018224716
27971988,1,8.020280838
27986274,1,8.127032757
28000560,1,8.058142662
28014846,1,8.052851677
28029132,1,8.058124542
28043418,1,8.090190887
28057704,1,7.977298737
28071990,1,8.088469028
28086276,1,8.087824821
28100562,1,8.065052986
28114848,1,8.0054245
28129134,1,8.07029438
28143420,1,7.981735706
28157706,1,8.09478569
28171992,1,8.003011703
28186278,1,7.653123856
28200564,1,8.042222977
28214850,1,7.998440742
28229136,1,8.077036858
28243422,1,7.894061089
28257708,1,8.046403408
28271994,1,8.116287231
28286280,1,8.09271574
28300566,1,8.020874977
28314852,1,8.080276489
28329138,1,8.09584713
28343424,1,8.078991652
28357710,1,8.06799221
28371996,1,8.094220161
28386282,1,8.0671978
28400568,1,8.031246185
28414854,1,8.009884834
28429140,1,7.532251358
28443426,1,8.093532562
28457712,1,8.123551369
28471998,1,8.000387192
28486284,1,8.012172699
28500570,1,7.994255066
28514856,1,7.970793247
28529142,1,8.012059212
28543428,1,7.910655022
28557714,1,8.00744915
28572000,1,7.908210278
28586286,1,8.033792496
28600572,1,8.066872597
28614858,1,7.98957777
28629144,1,8.019808292
28643430,1,7.206052542
28657716,1,8.046322823
28672002,1,8.122949123
28686288,1,8.086359024
28700574,1,8.080956459
28714860,1,7.931744099
28729146,1,8.036452293
28743432,1,7.974146366
28757718,1,7.945780754
28772004,1,8.042325974
28786290,1,8.005957603
28800576,1,7.937744141
28814862,1,7.551445007
28829148,1,8.019735336
28843434,1,8.036877632
28857720,1,8.013371468
28872006,1,8.066550255
28886292,1,8.096611023
28900578,1,8.033186913
28914864,1,8.017690659
28929150,1,7.776208878
28943436,1,7.366236687
28957722,1,7.296973944
28972008,1,7.999992847
28986294,1,8.085661888
29000580,1,8.108724594
29014866,1,8.019845963
29029152,1,8.136622429
29043438,1,7.701194525
29057724,1,8.050564766
29072010,1,7.917481899
29086296,1,8.093668461
29100582,1,7.812306404
29114868,1,8.012194633
29129154,1,8.058918953
29143440,1,8.066597939
29157726,1,7.889000416
29172012,1,8.07063961
29186298,1,7.747828007
29200584,1,8.020928383
29214870,1,8.00749588
29229156,1,7.913550377
29243442,1,7.930185318
29257728,1,8.082557678
29272014,1,7.957594395
29286300,1,8.100624561
29300586,1,8.045551777
29314872,1,8.016521454
29329158,1,7.969399452
29343444,1,7.750597
29357730,1,7.925697803
29372016,1,7.981499195
29386302,1,8.060974121
29400588,1,8.062107086
29414874,1,8.159014225
29429160,1,8.119653702
29443446,1,8.112520695
29457732,1,7.732844114
29472018,1,7.891224861
29486304,1,8.014552116
29500590,1,8.07387352
29514876,1,7.889519691
29529162,1,8.059425831
29543448,1,7.981194973
29557734,1,8.095895767
29572020,1,8.069795609
29586306,1,7.757531643
29600592,1,7.879132748
29614878,1,8.018213272
29629164,1,7.81514883
29643450,1,7.987881184
29657736,1,8.095870972
29672022,1,8.068125725
29686308,1,8.035888672
29700594,1,8.044960976
29714880,1,8.125283241
29729166,1,8.097583771
29743452,1,8.112361908
29757738,1,8.101845264
29772024,1,8.010909081
29786310,1,8.115448475
29800596,1,8.090064526
29814882,1,8.105827332
29829168,1,7.947278023
29843454,1,7.974713326
29857740,1,7.839256287
29872026,1,8.060517311
29886312,1,7.804739952
29900598,1,8.057433605
29914884,1,8.070926666
29929170,1,8.081027508
29943456,1,8.11160326
29957742,1,8.057171822
29972028,1,8.104718685
29986314,1,8.023862839
30000600,1,8.031728745
30014886,1,8.056521893
30029172,1,8.02529335
30043458,1,8.06021595
30057744,1,8.037992477
30072030,1,7.911993504
30086316,1,8.03710556
30100602,1,8.016863823
30114888,1,8.095885277
30129174,1,7.898416042
30143460,1,7.989240646
30157746,1,8.079185486
30172032,1,8.045278549
30186318,1,8.028440475
30200604,1,7.95472908
30214890,1,7.928563595
30229176,1,8.122974873
30243462,1,8.081685066
30257748,1,8.071607113
30272034,1,7.96399641
30286320,1,8.073949337
30300606,1,7.673285961
30314892,1,7.942819595
30329178,1,8.064080238
30343464,1,8.054183006
30357750,1,8.074953079
30372036,1,7.709242344
30386322,1,8.106222153
30400608,1,8.001672745
30414894,1,8.120562077
30429180,1,8.115396023
30443466,1,8.107262611
30457752,1,8.008906364
30472038,1,8.098121643
30486324,1,7.871552944
30500610,1,8.12745142
30514896,1,8.010597229
30529182,1,8.041732788
30543468,1,8.026796341
30557754,1,7.951339722
30572040,1,8.063340187
30586326,1,8.066622734
30600612,1,7.882836819
30614898,1,8.029734612
30629184,1,8.058935165
30643470,1,8.024893761
30657756,1,7.889894009
30672042,1,7.818893433
30686328,1,8.00826931
30700614,1,8.034087181
30714900,1,8.111759186
30729186,1,8.081319809
30743472,1,8.057658195
30757758,1,8.045233727
30772044,1,8.078308105
30786330,1,7.808540344
30800616,1,7.253454685
30814902,1,7.987913132
30829188,1,7.839989185
30843474,1,7.986344814
30857760,1,8.015180588
30872046,1,8.183889389
30886332,1,8.100214481
30900618,1,7.924317837
30914904,1,8.028229713
30929190,1,7.668149948
30943476,1,8.098488808
30957762,1,8.163043022
30972048,1,8.06227684
30986334,1,7.93836832
31000620,1,7.596525669
31014906,1,7.975264072
31029192,1,8.057497978
31043478,1,8.043782234
31057764,1,8.008700371
31072050,1,8.134806633
31086336,1,8.116789818
31100622,1,8.022968292
31114908,1,8.086760521
31129194,1,8.087311745
31143480,1,8.136041641
31157766,1,7.749132872
31172052,1,8.011343956
31186338,1,8.041857719
31200624,1,8.106068611
31214910,1,8.058931351
31229196,1,7.876775265
31243482,1,8.019189835
31257768,1,8.029464722
31272054,1,8.090941429
31286340,1,8.030526161
31300626,1,8.03847599
31314912,1,7.981847286
31329198,1,8.046325684
31343484,1,8.000916481
31357770,1,7.803425312
31372056,1,8.007787704
31386342,1,7.987977505
31400628,1,7.94405508
31414914,1,7.915005684
31429200,1,7.637324095
31443486,1,7.926091671
31457772,1,8.125817776
31472058,1,8.025491238
31486344,1,8.062311172
31500630,1,8.062333107
31514916,1,7.896298885
31529202,1,7.303203344
31543488,1,7.989626884
31557774,1,8.12082386
31572060,1,8.049782753
31586346,1,8.136315346
31600632,1,7.992235184
31614918,1,7.924368858
31629204,1,7.93835783
31643490,1,8.135584831
31657776,1,7.692316055
31672062,1,8.058853149
31686348,1,8.07963562
31700634,1,8.035870552
31714920,1,7.942102909
31729206,1,8.086373329
31743492,1,8.005110741
31757778,1,8.011277199
31772064,1,8.044115067
31786350,1,8.018843651
31800636,1,8.069255829
31814922,1,8.057852745
31829208,1,7.974485397
31843494,1,7.928825378
31857780,1,7.670535088
31872066,1,7.757596016
31886352,1,8.038235664
31900638,1,7.906083584
31914924,1,7.917539597
31929210,1,8.04631424
31943496,1,8.102217674
31957782,1,8.097717762
31972068,1,7.64018774
31986354,1,7.310904264
32000640,1,7.971184731
32014926,1,8.003840446
32029212,1,7.988046169
32043498,1,8.02077198
32057784,1,8.059520721
32072070,1,7.995532036
32086356,1,7.775863171
32100642,1,8.067481041
32114928,1,8.098775387
32129214,1,8.107605457
32143500,1,8.014349937
32157786,1,7.997857571
32172072,1,8.095710754
32186358,1,8.112710953
32200644,1,8.023444176
32214930,1,8.106827736
32229216,1,8.049538612
32243502,1,8.010462761
32257788,1,7.960207462
32272074,1,7.57292223
32286360,1,7.852801323
32300646,1,7.98542738
32314932,1,7.307340622
32329218,1,7.97758317
32343504,1,7.937758923
32357790,1,7.991316795
32372076,1,8.029201508
32386362,1,8.108394623
32400648,1,7.523425102
32414934,1,8.101131439
32429220,1,8.063023567
32443506,1,7.89311409
32457792,1,7.973911762
32472078,1,7.980696678
32486364,1,7.970463753
32500650,1,8.100311756
32514936,1,7.612517834
32529222,1,8.104816437
32543508,1,8.051168442
32557794,1,8.069853783
32572080,1,8.080935478
32586366,1,8.023554802
32600652,1,7.742611647
32614938,1,7.921892643
32629224,1,8.057797432
32643510,1,8.116845131
32657796,1,8.109082222
32672082,1,8.03478241
32686368,1,8.074509621
32700654,1,8.051999092
32714940,1,8.082077026
32729226,1,8.051691055
32743512,1,8.005760193
32757798,1,8.110104084
32772084,1,8.103070259
32786370,1,8.11430645
32800656,1,8.033351898
32814942,1,7.78404808
32829228,1,8.040688515
32843514,1,8.111069679
32857800,1,8.022486687
32872086,1,7.856041431
32886372,1,7.300367117
32900658,1,8.108230591
32914944,1,8.062251091
32929230,1,8.01019001
32943516,1,7.950707436
32957802,1,7.575219631
32972088,1,8.130421638
32986374,1,7.993000984
33000660,1,8.022883415
33014946,1,8.062749863
33029232,1,7.9832654
33043518,1,8.091233253
33057804,1,7.84419775
33072090,1,8.027795792
33086376,1,8.103574753
33100662,1,7.997115612
33114948,1,8.055397034
33129234,1,7.956086159
33143520,1,7.716472626
33157806,1,8.036031723
33172092,1,8.039889336
33186378,1,7.938646317
33200664,1,8.093020439
33214950,1,8.060458183
33229236,1,7.780398369
33243522,1,8.040026665
33257808,1,7.980336189
33272094,1,7.954236031
33286380,1,7.981268883
33300666,1,7.738824844
33314952,1,8.094543457
33329238,1,8.067682266
33343524,1,8.016627312
33357810,1,8.039590836
33372096,1,7.517407417
33386382,1,8.081605911
33400668,1,8.097009659
33414954,1,8.095219612
33429240,1,7.30653286
33443526,1,8.004182816
33457812,1,8.085280418
33472098,1,8.102912903
33486384,1,8.019173622
33500670,1,7.902615547
33514956,1,8.047404289
33529242,1,8.055093765
33543528,1,7.915314198
33557814,1,7.970746517
33572100,1,7.794500351
33586386,1,8.071295738
33600672,1,7.927754402
33614958,1,8.066979408
33629244,1,8.083705902
33643530,1,8.050858498
33657816,1,8.027391434
33672102,1,7.60935688
33686388,1,8.104765892
33700674,1,8.079048157
33714960,1,7.928869724
33729246,1,8.085878849
33743532,1,8.077124119
33757818,1,8.064238548
33772104,1,7.597943306
33786390,1,7.736073256
33800676,1,8.114684582
33814962,1,8.035679817
33829248,1,8.021803856
33843534,1,8.100594997
33857820,1,7.795409203
33872106,1,8.082103729
33886392,1,8.10640049
33900678,1,7.974208355
33914964,1,7.978198528
33929250,1,8.013996124
33943536,1,8.115558147
33957822,1,7.272452354
33972108,1,8.017854691
33986394,1,8.058298111
34000680,1,8.122660637
34014966,1,8.041534424
34029252,1,7.975652218
34043538,1,7.729866982
34057824,1,8.027993202
34072110,1,8.068771362
34086396,1,7.908781528
34100682,1,7.97309351
34114968,1,7.967238426
34129254,1,8.034872055
34143540,1,7.729477644
34157826,1,7.947933674
34172112,1,7.646998405
34186398,1,7.53569746
34200684,1,7.671408176
34214970,1,8.013335228
34229256,1,7.972355366
34243542,1,7.238997936
34257828,1,7.923567295
34272114,1,8.021993637
34286400,1,7.848043919
34300686,1,8.017494202
34314972,1,8.003112793
34329258,1,7.819421291
34343544,1,7.994120598
34357830,1,8.10127449
34372116,1,7.738292456
34386402,1,8.044764519
34400688,1,7.565034389
34414974,1,7.50128746
34429260,1,8.004673958
34443546,1,8.072637558
34457832,1,8.129531384
34472118,1,8.002437592
34486404,1,7.995646477
34500690,1,8.097373486
34514976,1,8.040848732
34529262,1,8.017196655
34543548,1,7.995460033
34557834,1,7.602334499
34572120,1,7.998300076
34586406,1,7.887165546
34600692,1,8.10125494
34614978,1,8.088041306
34629264,1,8.020025253
34643550,1,7.728595018
34657836,1,8.001982689
34672122,1,8.086877823
34686408,1,7.931056499
34700694,1,7.995837212
34714980,1,8.071965218
34729266,1,8.114628792
34743552,1,7.63583231
34757838,1,7.975891113
34772124,1,8.021710396
34786410,1,8.175443649
34800696,1,8.075862885
34814982,1,7.873312473
34829268,1,7.856976986
34843554,1,7.840893745
34857840,1,8.048792839
34872126,1,8.043758392
34886412,1,7.21267128
34900698,1,8.087051392
34914984,1,8.048010826
34929270,1,8.044099808
34943556,1,7.727994204
34957842,1,8.039888859
34972128,1,8.125704765
34986414,1,7.999993801
35000700,1,7.989393711
35014986,1,7.91989851
35029272,1,8.071584702
35043558,1,8.086039543
35057844,1,7.978323936
35072130,1,8.083862305
35086416,1,8.101640224
35100702,1,7.953269482
35114988,1,8.026080132
35129274,1,7.906044006
35143560,1,8.059283257
35157846,1,8.014372826
35172132,1,8.089241982
35186418,1,7.763494015
35200704,1,8.138426304
35214990,1,7.852438927
35229276,1,7.781155586
35243562,1,8.009261131
35257848,1,8.057246208
35272134,1,8.088019371
35286420,1,8.14484024
35300706,1,7.933263302
35314992,1,8.101789951
35329278,1,8.007162094
35343564,1,7.81862402
35357850,1,8.085633278
35372136,1,8.017801285
35386422,1,7.606592655
35400708,1,8.046938896
35414994,1,7.949082375
35429280,1,7.604073048
35443566,1,8.051888466
35457852,1,8.050151825
35472138,1,8.109901428
35486424,1,7.90335989
35500710,1,7.948061943
35514996,1,7.901128769
35529282,1,8.110723495
35543568,1,8.112895012
35557854,1,8.008238792
35572140,1,8.111266613
35586426,1,7.942686081
35600712,1,7.864423752
35614998,1,8.112958908
35629284,1,7.630140781
35643570,1,8.053198814
35657856,1,8.051431656
35672142,1,8.106415272
35686428,1,8.019570351
35700714,1,7.455837727
35715000,1,8.082299232
35729286,1,8.058020592
35743572,1,8.013305664
35757858,1,7.826522827
35772144,1,7.576342106
35786430,1,8.035512924
35800716,1,8.070883274
35815002,1,7.899952412
35829288,1,8.059950829
35843574,1,8.081614494
35857860,1,8.118973255
35872146,1,7.703567743
35886432,1,8.037631989
35900718,1,8.08247757
35915004,1,7.972605705
35929290,1,7.992282867
35943576,1,8.009076118
35957862,1,8.106728554
35972148,1,7.986580372
35986434,1,8.100406647
36000720,1,7.8196702
36015006,1,8.047310829
36029292,1,8.078975201
36043578,1,8.113823891
36057864,1,7.512314796
36072150,1,8.096843719
36086436,1,8.003182411
36100722,1,8.077812672
36115008,1,8.032753468
36129294,1,7.959705353
36143580,1,7.887829781
36157866,1,8.078448296
36172152,1,8.034234047
36186438,1,8.118605614
36200724,1,7.909522533
36215010,1,7.888725758
36229296,1,7.735760689
36243582,1,7.650862694
36257868,1,8.06769371
36272154,1,7.642927647
36286440,1,7.379560947
36300726,1,7.876750469
36315012,1,8.056513786
36329298,1,8.01305294
36343584,1,7.928073883
36357870,1,8.066005707
36372156,1,8.072620392
36386442,1,8.115451336
36400728,1,8.066823006
36415014,1,8.056111336
36429300,1,8.030715466
36443586,1,8.03660202
36457872,1,8.09865284
36472158,1,8.058551788
36486444,1,8.078178406
36500730,1,8.080259323
36515016,1,8.108625412
36529302,1,7.949468136
36543588,1,8.077802658
36557874,1,8.094437599
36572160,1,7.952083588
36586446,1,8.108406067
36600732,1,7.622269154
36615018,1,8.05043602
36629304,1,8.057292938
36643590,1,7.619758606
36657876,1,8.072536469
36672162,1,8.038098335
36686448,1,8.065471649
36700734,1,7.205055475
36715020,1,7.921393871
36729306,1,8.109502316
36743592,1,8.093533516
36757878,1,8.076054573
36772164,1,7.779703617
36786450,1,8.017680168
36800736,1,8.036034584
36815022,1,8.091585159
36829308,1,7.909303665
36843594,1,7.970768929
36857880,1,8.020028114
36872166,1,7.981394768
36886452,1,8.06623745
36900738,1,7.950091362
36915024,1,8.132554531
36929310,1,7.855239868
36943596,1,8.058299065
36957882,1,8.113134384
36972168,1,8.066486359
36986454,1,8.013079643
37000740,1,7.963037014
37015026,1,8.065553665
37029312,1,7.852556229
37043598,1,8.06261158
37057884,1,8.067630768
37072170,1,7.943098545
37086456,1,7.706996441
37100742,1,8.069901466
37115028,1,8.071650505
37129314,1,8.001740456
37143600,1,8.079632759
37157886,1,8.153470993
37172172,1,8.069494247
37186458,1,8.086285591
37200744,1,8.105296612
37215030,1,7.419793606
37229316,1,8.053660393
37243602,1,8.037649155
37257888,1,7.905562878
37272174,1,8.068060875
37286460,1,8.083971977
37300746,1,8.102685928
37315032,1,7.7402668
37329318,1,8.051252604
37343604,1,8.05659008
37357890,1,8.099945068
37372176,1,8.123983383
37386462,1,8.063502312
37400748,1,7.792726517
37415034,1,7.6177001
37429320,1,7.878734589
37443606,1,7.784191132
37457892,1,7.38321209
37472178,1,8.084927559
37486464,1,7.96269989
37500750,1,8.023523331
37515036,1,7.899720192
37529322,1,8.087592125
37543608,1,8.104546547
37557894,1,8.045084953
37572180,1,7.977803707
37586466,1,8.104262829
37600752,1,7.486073017
37615038,1,8.065112114
37629324,1,8.107238293
37643610,1,8.12163353
37657896,1,8.023698807
37672182,1,8.086593628
37686468,1,7.981459618
37700754,1,8.044132233
37715040,1,7.759937525
37729326,1,8.103033543
37743612,1,8.063392639
37757898,1,8.102487564
37772184,1,8.041248322
37786470,1,8.102315426
37800756,1,8.02246666
37815042,1,8.11747551
37829328,1,8.040111542
37843614,1,8.038199425
37857900,1,8.090289116
37872186,1,8.029496193
37886472,1,8.076122761
37900758,1,7.657000065
37915044,1,7.991277218
37929330,1,7.960454941
37943616,1,7.90218544
37957902,1,8.063554764
37972188,1,8.037438393
37986474,1,8.119482994
38000760,1,7.906334877
38015046,1,7.708864689
38029332,1,8.108352661
38043618,1,7.660023212
38057904,1,7.816506386
38072190,1,7.909351826
38086476,1,8.012453079
38100762,1,8.073901176
38115048,1,8.035983086
38129334,1,8.089540005
38143620,1,8.059326172
38157906,1,8.077074051
38172192,1,7.893971443
38186478,1,8.088686466
38200764,1,7.908093929
38215050,1,8.062729836
38229336,1,7.414757729
38243622,1,7.844079018
38257908,1,7.949306011
38272194,1,8.068860054
38286480,1,8.048974037
38300766,1,7.928682327
38315052,1,7.777086496
38329338,1,8.086799622
38343624,1,8.082916737
38357910,1,7.948974133
38372196,1,8.068831444
38386482,1,8.044644356
38400768,1,8.096452713
38415054,1,7.534246922
38429340,1,7.951102734
38443626,1,8.047657013
38457912,1,8.058648109
38472198,1,8.048456192
38486484,1,8.005439758
38500770,1,8.0070467
38515056,1,8.083348274
38529342,1,8.045574188
38543628,1,7.76490593
38557914,1,8.062753201
38572200,1,8.088149071
38586486,1,8.007429123
38600772,1,8.057509422
38615058,1,7.969687462
38629344,1,8.086842537
38643630,1,8.106977463
38657916,1,8.017278671
38672202,1,7.562232018
38686488,1,8.033672333
38700774,1,8.033964157
38715060,1,7.922159672
38729346,1,8.059041023
38743632,1,8.046379089
38757918,1,7.717163086
38772204,1,8.182320118
38786490,1,8.097334862
38800776,1,7.707665682
38815062,1,8.091757774
38829348,1,7.873766422
38843634,1,8.027060509
38857920,1,8.033905983
38872206,1,8.09378624
38886492,1,8.106817245
38900778,1,8.135029316
38915064,1,7.906653404
38929350,1,8.134500504
38943636,1,8.073781013
38957922,1,7.639484406
38972208,1,8.012987137
38986494,1,8.067883492
39000780,1,8.071963787
39015066,1,8.108440399
39029352,1,7.985220432
39043638,1,8.082169533
39057924,1,8.107816696
39072210,1,8.077144623
39086496,1,7.999948502
39100782,1,8.038860321
39115068,1,7.642846584
39129354,1,8.039224625
39143640,1,7.685714245
39157926,1,8.048778772
39172212,1,8.102731705
39186498,1,8.053128004
39200784,1,8.015721321
39215070,1,7.742722988
39229356,1,8.02378273
39243642,1,8.096273422
39257928,1,8.007996559
39272214,1,7.673406601
39286500,1,8.13014698
39300786,1,8.003919601
39315072,1,7.942544937
39329358,1,8.066846848
39343644,1,8.088195801
39357930,1,7.867577553
39372216,1,8.101840973
39386502,1,7.980703354
39400788,1,8.105917454
39415074,1,7.573421478
39429360,1,8.022283554
39443646,1,8.119035721
39457932,1,7.553823471
39472218,1,7.959541798
39486504,1,7.348765373
39500790,1,8.020894051
39515076,1,8.020010948
39529362,1,7.882253647
39543648,1,8.089424133
39557934,1,8.063031197
39572220,1,7.876663208
39586506,1,8.018906593
39600792,1,7.833518505
39615078,1,8.099057198
39629364,1,7.964275837
39643650,1,8.016246796
39657936,1,8.073075294
39672222,1,7.956672668
39686508,1,8.029960632
39700794,1,8.103330612
39715080,1,8.047086716
39729366,1,7.96503067
39743652,1,8.080811977
39757938,1,7.927454948
39772224,1,8.066871643
39786510,1,8.099289894
39800796,1,7.964121819
39815082,1,7.953347683
39829368,1,8.086339951
39843654,1,8.076653481
39857940,1,8.073802471
39872226,1,8.109078407
39886512,1,8.093727589
39900798,1,8.10281086
39915084,1,8.105289459
39929370,1,8.099291325
39943656,1,8.103059769
39957942,1,8.058995247
39972228,1,8.117168427
39986514,1,7.924231052
40000800,1,8.032889843
40015086,1,8.097939491
40029372,1,7.264504433
40043658,1,7.996407509
40057944,1,7.765563488
40072230,1,7.932466507
40086516,1,8.111831665
40100802,1,7.990320206
40115088,1,8.108107567
40129374,1,7.515151501
40143660,1,8.088809967
40157946,1,8.106054306
40172232,1,7.893252373
40186518,1,8.083312988
40200804,1,8.016466141
40215090,1,7.911160469
40229376,1,8.067016602
40243662,1,8.012342453
40257948,1,7.976984262
40272234,1,8.038194656
40286520,1,8.100170135
40300806,1,7.873562336
40315092,1,7.716291428
40329378,1,7.2910254
40343664,1,8.027317047
40357950,1,7.731822491
40372236,1,8.130329132
40386522,1,8.015259743
40400808,1,8.099629402
40415094,1,7.97372961
40429380,1,7.979028463
40443666,1,8.097146988
40457952,1,8.063718796
40472238,1,7.290595055
40486524,1,8.036639214
40500810,1,8.103003025
40515096,1,8.076717377
40529382,1,7.981348991
40543668,1,8.033596039
40557954,1,8.03687048
40572240,1,8.077422142
40586526,1,8.083537102
40600812,1,8.087348938
40615098,1,8.051661491
40629384,1,8.068553925
40643670,1,8.037147522
40657956,1,8.051585197
40672242,1,7.440797806
40686528,1,8.179897308
40700814,1,8.013484001
40715100,1,8.10709095
40729386,1,8.076591492
40743672,1,7.934686184
40757958,1,8.036124229
40772244,1,8.056593895
40786530,1,8.035704613
40800816,1,8.197068453
40815102,1,7.963488579
40829388,1,7.967653275
40843674,1,8.055942535
40857960,1,8.099165916
40872246,1,7.998244286
40886532,1,8.040958405
40900818,1,8.018373489
40915104,1,8.018263817
40929390,1,7.868240356
40943676,1,7.708710194
40957962,1,8.038912773
40972248,1,7.982785225
40986534,1,8.055180073
41000820,1,8.073519707
41015106,1,8.087438583
41029392,1,7.706337452
41043678,1,8.015779495
41057964,1,8.002071381
41072250,1,8.028913498
41086536,1,8.084751129
41100822,1,7.266196728
41115108,1,7.62758255
41129394,1,8.075699806
41143680,1,7.998282909
41157966,1,8.044663429
41172252,1,7.891752243
41186538,1,7.976215363
41200824,1,8.024747849
41215110,1,7.886648655
41229396,1,7.946255684
41243682,1,7.94097662
41257968,1,8.116283417
41272254,1,8.066968918
41286540,1,8.054327011
41300826,1,7.903538227
41315112,1,7.953887939
41329398,1,8.058060646
41343684,1,7.986752748
41357970,1,8.015687943
41372256,1,7.924012661
41386542,1,8.063406944
41400828,1,8.091206551
41415114,1,7.832317829
41429400,1,7.985507011
41443686,1,8.070552826
41457972,1,8.156867027
41472258,1,8.069611549
41486544,1,8.06020546
41500830,1,8.157229424
41515116,1,8.081794739
41529402,1,8.083862782
41543688,1,7.98841095
41557974,1,7.961673737
41572260,1,8.103868484
41586546,1,7.680282116
41600832,1,7.896683216
41615118,1,8.081455231
41629404,1,8.013746262
41643690,1,8.10207653
41657976,1,7.989896297
41672262,1,8.105430603
41686548,1,8.158328533
41700834,1,8.016811371
41715120,1,8.1028862
41729406,1,7.32912302
41743692,1,7.825842857
41757978,1,8.062908173
41772264,1,8.1230793
41786550,1,8.106342316
41800836,1,8.111763
41815122,1,8.083987236
41829408,1,7.32121563
41843694,1,7.976870537
41857980,1,8.095774174
41872266,1,8.078225136
41886552,1,8.082197189
41900838,1,8.090487957
41915124,1,8.091220856
41929410,1,8.038225174
41943696,1,8.111061573
41957982,1,8.046152115
41972268,1,8.122461796
41986554,1,8.120319843
42000840,1,8.050552368
42015126,1,8.051891327
42029412,1,8.113704205
42043698,1,8.120820045
42057984,1,8.097238541
42072270,1,7.730521202
42086556,1,7.966372967
42100842,1,8.118080616
42115128,1,7.972135067
42129414,1,7.734591484
42143700,1,8.104165077
42157986,1,8.021697998
42172272,1,8.095258713
42186558,1,8.0489645
42200844,1,7.887850761
42215130,1,8.058679581
42229416,1,8.092547894
42243702,1,8.051091194
42257988,1,8.083552361
42272274,1,8.084317207
42286560,1,8.117710114
42300846,1,8.110535145
42315132,1,8.11171627
42329418,1,7.918003559
42343704,1,7.735541344
42357990,1,8.044480324
42372276,1,8.076401711
42386562,1,8.047551155
42400848,1,7.976820469
42415134,1,8.005584717
42429420,1,7.875686169
42443706,1,7.530436516
42457992,1,8.031871796
42472278,1,8.094334602
42486564,1,8.070130348
42500850,1,7.986376762
42515136,1,7.977140903
42529422,1,8.073786736
42543708,1,8.118343353
42557994,1,7.977101326
42572280,1,8.008958817
42586566,1,8.075411797
42600852,1,8.041682243
42615138,1,8.131113529
42629424,1,8.058799744
42643710,1,8.042638779
42657996,1,8.122228622
42672282,1,7.918976784
42686568,1,7.946068764
42700854,1,8.032848358
42715140,1,8.080784798
42729426,1,8.074812889
42743712,1,7.735038757
42757998,1,7.960285187
42772284,1,8.074429512
42786570,1,8.072413445
42800856,1,7.679038048
42815142,1,7.694926739
42829428,1,7.919593334
42843714,1,8.010625839
42858000,1,8.117715359
42872286,1,8.030490875
42886572,1,8.085443497
42900858,1,8.096879959
42915144,1,7.307017088
42929430,1,8.117034912
42943716,1,8.071790695
42958002,1,8.112596512
42972288,1,7.981030941
42986574,1,7.761791229
43000860,1,8.058864594
43015146,1,7.87061882
43029432,1,7.955802917
43043718,1,7.734458447
43058004,1,7.733951807
43072290,1,8.09144783
43086576,1,8.015427589
43100862,1,8.133144379
43115148,1,8.009505272
43129434,1,8.028461456
43143720,1,8.100365639
43158006,1,7.882212639
43172292,1,8.009238243
43186578,1,8.086342335
43200864,1,7.81751442
43215150,1,8.048220634
43229436,1,7.907189846
43243722,1,7.997069359
43258008,1,8.000717163
43272294,1,7.879141808
43286580,1,7.961452484
43300866,1,8.059063911
43315152,1,8.021472931
43329438,1,8.061262131
43343724,1,7.574505329
43358010,1,8.019142151
43372296,1,7.921478748
43386582,1,8.101286888
43400868,1,7.996753693
43415154,1,7.812730789
43429440,1,8.007529259
43443726,1,8.10402298
43458012,1,8.08356142
43472298,1,8.081016541
43486584,1,8.185256243
43500870,1,8.082784653
43515156,1,8.055751801
43529442,1,8.029967308
43543728,1,8.002724648
43558014,1,8.085268974
43572300,1,8.053080559
43586586,1,8.026268005
43600872,1,8.084218502
43615158,1,8.051202774
43629444,1,7.591262817
43643730,1,8.078496933
43658016,1,8.032049179
43672302,1,8.072392464
43686588,1,8.006494522
43700874,1,7.737078667
43715160,1,8.004436493
43729446,1,7.870218277
43743732,1,8.092708588
43758018,1,8.086894035
43772304,1,8.039590836
43786590,1,8.121297836
43800876,1,7.605561733
43815162,1,8.088345528
43829448,1,8.090078354
43843734,1,8.033411026
43858020,1,7.849755764
43872306,1,8.082816124
43886592,1,8.044363022
43900878,1,8.096718311
43915164,1,8.048862457
43929450,1,8.085724831
43943736,1,8.067572594
43958022,1,8.079687119
43972308,1,7.867094517
43986594,1,8.075416565
44000880,1,7.668995857
44015166,1,7.878421783
44029452,1,8.125344753
44043738,1,7.223371744
44058024,1,8.051094055
44072310,1,8.051815033
44086596,1,8.006174088
44100882,1,8.199065924
44115168,1,8.070804596
44129454,1,8.071842194
44143740,1,7.921037197
44158026,1,8.098135948
44172312,1,8.033060074
44186598,1,7.967928886
44200884,1,8.192429543
44215170,1,8.075401306
44229456,1,8.035587311
44243742,1,8.054870844
44258028,1,8.060671806
44272314,1,7.967920303
44286600,1,8.0697155
44300886,1,8.101782799
44315172,1,8.073803186
44329458,1,7.723536491
44343744,1,8.054686546
44358030,1,8.007411957
44372316,1,8.093566895
44386602,1,7.799034119
44400888,1,7.971521378
44415174,1,8.055544853
44429460,1,8.050081253
44443746,1,8.0679245
44458032,1,8.028424263
44472318,1,8.073781967
44486604,1,8.117033958
44500890,1,8.103450775
44515176,1,7.782465935
44529462,1,8.071810722
44543748,1,8.118917942
44558034,1,8.121097565
44572320,1,8.063080788
44586606,1,8.145370007
44600892,1,8.114405632
44615178,1,7.99157095
44629464,1,7.846754074
44643750,1,8.109462738
44658036,1,7.782771111
44672322,1,8.10633564
44686608,1,8.075158119
44700894,1,7.314916134
44715180,1,8.114556313
44729466,1,8.048460007
44743752,1,7.992498875
44758038,1,7.966727257
44772324,1,8.077386856
44786610,1,8.089878082
44800896,1,7.907367229
44815182,1,8.067082405
44829468,1,7.823274136
44843754,1,8.092013359
44858040,1,8.085141182
44872326,1,7.980737686
44886612,1,8.192404509
44900898,1,8.010487556
44915184,1,8.077587128
44929470,1,8.12153101
44943756,1,8.128946304
44958042,1,7.790231228
44972328,1,8.101624012
44986614,1,8.092352867
45000900,1,8.101902485
45015186,1,8.041453362
45029472,1,8.049921036
45043758,1,8.111837387
45058044,1,8.067790031
45072330,1,8.040484428
45086616,1,8.007567406
45100902,1,7.937229156
45115188,1,8.017642021
45129474,1,8.019711494
45143760,1,8.056911469
45158046,1,7.98973465
45172332,1,7.865567207
45186618,1,8.013729095
45200904,1,8.026234627
45215190,1,8.07780838
45229476,1,7.903285503
45243762,1,7.892646313
45258048,1,7.855930328
45272334,1,7.900795937
45286620,1,8.073534966
45300906,1,8.04652977
45315192,1,8.095210552
45329478,1,8.079342365
45343764,1,8.097764015
45358050,1,8.007990837
45372336,1,8.069159508
45386622,1,8.057380676
45400908,1,8.051781654
45415194,1,8.020926476
45429480,1,7.731904507
45443766,1,8.05462265
45458052,1,8.021738052
45472338,1,8.062273979
45486624,1,8.10342598
45500910,1,8.022089958
45515196,1,8.074659348
45529482,1,8.096770287
45543768,1,7.210792065
45558054,1,8.061988831
45572340,1,8.031493187
45586626,1,7.889654636
45600912,1,8.072794914
45615198,1,8.089118004
45629484,1,8.033453941
45643770,1,8.074687004
45658056,1,7.934282303
45672342,1,8.179808617
45686628,1,7.999516487
45700914,1,8.118067741
45715200,1,8.050711632
45729486,1,8.09868288
45743772,1,7.673767567
45758058,1,8.119729042
45772344,1,8.123027325
45786630,1,7.946584225
45800916,1,8.061593056
45815202,1,8.124310493
45829488,1,7.935295105
45843774,1,8.12258625
45858060,1,8.136576653
45872346,1,8.069899559
45886632,1,8.090653419
45900918,1,8.057394028
45915204,1,7.543046474
45929490,1,8.092604637
45943776,1,7.816494465
45958062,1,7.750062227
45972348,1,8.070665359
45986634,1,8.003849983
46000920,1,7.80670929
46015206,1,8.080471992
46029492,1,8.025639534
46043778,1,7.941019535
46058064,1,8.073791504
46072350,1,7.870337963
46086636,1,8.082960606
46100922,1,7.99684763
46115208,1,7.707993031
46129494,1,7.982039452
46143780,1,8.011707306
46158066,1,7.781208992
46172352,1,8.024494171
46186638,1,8.106521606
46200924,1,8.178205967
46215210,1,7.978441238
46229496,1,7.270251274
46243782,1,8.083095551
46258068,1,8.07574749
46272354,1,8.053308487
46286640,1,8.112851143
46300926,1,7.586918354
46315212,1,8.063555717
46329498,1,8.026646614
46343784,1,8.020692825
46358070,1,8.103495598
46372356,1,8.110760689
46386642,1,8.079465866
46400928,1,8.03973484
46415214,1,8.108118057
46429500,1,8.05830574
46443786,1,7.972847462
46458072,1,8.057379723
46472358,1,8.093764305
46486644,1,8.090226173
46500930,1,8.007108688
46515216,1,8.080290318
46529502,1,8.027552605
46543788,1,7.981975079
46558074,1,7.61345911
46572360,1,8.052251816
46586646,1,7.791899681
46600932,1,8.043658257
46615218,1,8.129596233
46629504,1,7.834579468
46643790,1,8.068422318
46658076,1,8.059781075
46672362,1,8.050096512
46686648,1,8.134393692
46700934,1,7.739096403
46715220,1,8.03785038
46729506,1,7.739613056
46743792,1,8.144668579
46758078,1,7.760035038
46772364,1,8.035955429
46786650,1,8.061516762
46800936,1,8.058297157
46815222,1,8.112248421
46829508,1,8.102282047
46843794,1,8.079166412
46858080,1,8.083033323
46872366,1,8.008435249
46886652,1,8.102132797
46900938,1,8.089290619
46915224,1,8.066978455
46929510,1,8.008719444
46943796,1,7.94309473
46958082,1,8.048819542
46972368,1,8.044613838
46986654,1,8.110740662
47000940,1,8.017803192
47015226,1,8.014503479
47029512,1,8.116353035
47043798,1,7.586098194
47058084,1,8.030642509
47072370,1,8.0129776
47086656,1,8.079720497
47100942,1,8.098415375
47115228,1,7.73536396
47129514,1,8.020605087
47143800,1,8.196077347
47158086,1,8.105812073
47172372,1,8.07465744
47186658,1,8.078505039
47200944,1,8.098596573
47215230,1,7.986691475
47229516,1,8.096785545
47243802,1,8.042087555
47258088,1,8.015004158
47272374,1,7.232551575
47286660,1,7.966074944
47300946,1,8.092987061
47315232,1,8.058998108
47329518,1,8.071734428
47343804,1,8.104826927
47358090,1,8.080938339
47372376,1,8.071643829
47386662,1,7.901079655
47400948,1,7.913536549
47415234,1,8.063830376
47429520,1,8.038594246
47443806,1,8.095431328
47458092,1,8.11529541
47472378,1,7.927485943
47486664,1,8.009121895
47500950,1,8.089451313
47515236,1,7.91531229
47529522,1,8.079119205
47543808,1,7.954187393
47558094,1,8.000392914
47572380,1,8.09668541
47586666,1,8.064570427
47600952,1,8.095708847
47615238,1,7.751280785
47629524,1,8.001738548
47643810,1,7.733358622
47658096,1,8.001969337
47672382,1,8.047121048
47686668,1,7.824189663
47700954,1,7.94112587
47715240,1,8.086724281
47729526,1,8.031552315
47743812,1,8.082335949
47758098,1,8.044064522
47772384,1,8.033294678
47786670,1,7.925055027
47800956,1,8.060083389
47815242,1,7.909759521
47829528,1,8.117314339
47843814,1,7.987230778
47858100,1,8.027942657
47872386,1,7.766702652
47886672,1,8.083896637
47900958,1,8.122706413
47915244,1,8.081702232
47929530,1,7.941132069
47943816,1,7.328063965
47958102,1,7.775204659
47972388,1,8.029130936
47986674,1,8.050180435
48000960,1,7.89154768
48015246,1,8.041632652
48029532,1,8.053809166
48043818,1,7.315171242
48058104,1,7.285912514
48072390,1,8.117022514
48086676,1,7.941926479
48100962,1,8.079969406
48115248,1,7.840970039
48129534,1,8.131091118
48143820,1,8.079881668
48158106,1,7.945893764
48172392,1,7.948649406
48186678,1,8.051117897
48200964,1,7.879023075
48215250,1,8.101760864
48229536,1,7.994212151
48243822,1,8.074065208
48258108,1,8.120825768
48272394,1,7.73120904
48286680,1,7.714566708
48300966,1,7.985303879
48315252,1,8.047174454
48329538,1,8.041193008
48343824,1,8.072628021
48358110,1,7.769202232
48372396,1,8.169367313
48386682,1,7.990821362
48400968,1,7.847456932
48415254,1,8.072680473
48429540,1,7.738527298
48443826,1,8.053329468
48458112,1,8.094697952
48472398,1,7.781183243
48486684,1,8.125277519
48500970,1,8.125425339
48515256,1,8.080161095
48529542,1,8.114638805
48543828,1,8.002164841
48558114,1,8.089881897
48572400,1,8.102610111
48586686,1,7.955997467
48600972,1,7.938920975
48615258,1,8.124415398
48629544,1,8.122949123
48643830,1,8.060541153
48658116,1,8.104404449
48672402,1,8.046372414
48686688,1,8.026813507
48700974,1,7.635377407
48715260,1,7.735952616
48729546,1,8.056725502
48743832,1,8.061156273
48758118,1,8.051369667
48772404,1,7.820625782
48786690,1,8.124584675
48800976,1,8.072058678
48815262,1,8.087150097
48829548,1,8.100553036
48843834,1,8.044914246
48858120,1,8.102576256
48872406,1,8.050806046
48886692,1,7.740401506
48900978,1,8.101507187
48915264,1,7.467652321
48929550,1,8.107354164
48943836,1,8.015678406
48958122,1,8.091994762
48972408,1,8.09015274
48986694,1,7.497980595
49000980,1,8.094459534
49015266,1,8.049941063
49029552,1,8.064207077
49043838,1,8.079674721
49058124,1,8.045046806
49072410,1,8.056262016
49086696,1,8.09689045
49100982,1,8.020345688
49115268,1,7.566461086
49129554,1,8.121072292
49143840,1,7.943374634
49158126,1,8.087547779
49172412,1,7.977126598
49186698,1,8.104282379
49200984,1,8.114387035
49215270,1,8.005861282
49229556,1,8.106231689
49243842,1,8.036109924
49258128,1,8.016978264
49272414,1,7.97714901
49286700,1,8.117426395
49300986,1,8.090903282
49315272,1,8.061041832
49329558,1,7.873886585
49343844,1,7.921613216
49358130,1,7.99318552
49372416,1,8.049091339
49386702,1,8.091654778
49400988,1,7.946037769
49415274,1,7.871306419
49429560,1,8.11478138
49443846,1,8.031385899
49458132,1,7.983166695
49472418,1,8.030239105
49486704,1,8.097039223
49500990,1,8.147900581
49515276,1,7.913284302
49529562,1,7.898229122
49543848,1,8.002979279
49558134,1,8.090120316
49572420,1,8.007814407
49586706,1,8.075527191
49600992,1,8.027935982
49615278,1,8.082523346
49629564,1,8.054964542
49643850,1,7.944162369
49658136,1,7.89888525
49672422,1,8.083075523
49686708,1,8.10226202
49700994,1,8.08011198
49715280,1,8.088942528
49729566,1,7.936326981
49743852,1,7.743434668
49758138,1,8.049804688
49772424,1,7.848316193
49786710,1,8.033723831
49800996,1,8.035146713
49815282,1,7.845726013
49829568,1,8.073145866
49843854,1,8.10507679
49858140,1,7.937634468
49872426,1,7.909934521
49886712,1,8.047522545
49900998,1,8.088849068
49915284,1,8.058439255
49929570,1,8.109628201
49943856,1,7.819701195
49958142,1,8.134422302
49972428,1,7.738800764
49986714,1,8.040888786
50001000,1,8.089330673
50015286,1,7.916536331
50029572,1,7.737947941
50043858,1,8.081587791
50058144,1,7.608270168
50072430,1,7.301233292
50086716,1,8.10329628
50101002,1,8.028381348
50115288,1,7.871902943
50129574,1,8.085474014
50143860,1,8.096627235
50158146,1,7.780474186
50172432,1,8.037591696
50186718,1,7.904381752
50201004,1,8.058030128
50215290,1,8.033585072
50229576,1,8.047644138
50243862,1,8.111970901
50258148,1,8.073104858
50272434,1,7.931674957
50286720,1,7.957764149
50301006,1,8.005407333
50315292,1,8.053534508
50329578,1,8.12452507
50343864,1,8.083968163
50358150,1,7.961116791
50372436,1,7.55342865
50386722,1,8.075220108
50401008,1,8.119717121
50415294,1,7.847629547
50429580,1,7.960573673
50443866,1,7.587375164
50458152,1,8.058200836
50472438,1,8.070946693
50486724,1,7.781124115
50501010,1,7.980311871
50515296,1,7.970190525
50529582,1,8.159240723
50543868,1,7.874012947
50558154,1,7.992180347
50572440,1,7.893728733
50586726,1,8.092909813
50601012,1,7.281974554
50615298,1,8.084924698
50629584,1,7.567141056
50643870,1,8.036194801
50658156,1,8.12318325
50672442,1,8.075844765
50686728,1,8.020261765
50701014,1,8.048406601
50715300,1,8.106043339
50729586,1,8.067246437
50743872,1,8.20096612
50758158,1,8.056154251
50772444,1,8.066308022
50786730,1,8.034014702
50801016,1,8.055841446
50815302,1,7.957984447
50829588,1,8.101304531
50843874,1,7.927189827
50858160,1,8.097370148
50872446,1,8.102705002
50886732,1,8.043805122
50901018,1,7.834213734
50915304,1,8.101186752
50929590,1,7.780436993
50943876,1,8.059588432
50958162,1,8.121539593
50972448,1,7.811964989
50986734,1,7.996993542
51001020,1,7.848506451
51015306,1,7.807663918
51029592,1,8.082765579
51043878,1,8.078481674
51058164,1,7.721614599
51072450,1,8.107517242
51086736,1,7.920287609
51101022,1,7.517879009
51115308,1,8.102980614
51129594,1,7.737639904
51143880,1,8.058962345
51158166,1,8.114703655
51172452,1,8.001066208
51186738,1,8.107833862
51201024,1,8.108931541
51215310,1,7.911519527
51229596,1,8.042826653
51243882,1,8.094296932
51258168,1,8.09273243
51272454,1,8.027975082
51286740,1,7.288175821
51301026,1,7.908216
51315312,1,8.078943253
51329598,1,7.242362499
51343884,1,8.07602787
51358170,1,8.096168518
51372456,1,7.899119854
51386742,1,7.936152458
51401028,1,8.122982502
51415314,1,8.072392464
51429600,1,7.978775024
51443886,1,7.94083786
51458172,1,7.902794838
51472458,1,8.067099571
51486744,1,8.065326691
51501030,1,7.815591335
51515316,1,7.943700314
51529602,1,8.042797089
51543888,1,8.129378319
51558174,1,8.105828285
51572460,1,8.052386284
51586746,1,8.082075119
51601032,1,8.070217133
51615318,1,8.069711685
51629604,1,8.022116661
51643890,1,8.042000771
51658176,1,8.016634941
51672462,1,8.11076355
51686748,1,8.04145813
51701034,1,7.927402973
51715320,1,8.122276306
51729606,1,8.104798317
51743892,1,8.021456718
51758178,1,8.058080673
51772464,1,8.011945724
51786750,1,7.953732491
51801036,1,8.021751404
51815322,1,8.077936172
51829608,1,7.307775974
51843894,1,7.467115402
51858180,1,8.126326084
51872466,1,8.056899071
51886752,1,8.066147804
51901038,1,8.02641201
51915324,1,8.028900146
51929610,1,8.011005402
51943896,1,7.957796097
51958182,1,8.062247276
51972468,1,8.083338737
51986754,1,7.796123981
52001040,1,8.087672234
52015326,1,8.059066772
52029612,1,8.089387894
52043898,1,8.110624313
52058184,1,8.099781036
52072470,1,8.053188324
52086756,1,8.086919785
52101042,1,8.083807945
52115328,1,8.019529343
52129614,1,8.059184074
52143900,1,8.147713661
52158186,1,7.911305428
52172472,1,8.082411766
52186758,1,7.971605301
52201044,1,7.724538803
52215330,1,8.047646523
52229616,1,7.902004719
52243902,1,7.720364094
52258188,1,8.030954361
52272474,1,8.074515343
52286760,1,7.820005894
52301046,1,7.923117161
52315332,1,8.007035255
52329618,1,7.994787216
52343904,1,8.019860268
52358190,1,8.070246696
52372476,1,7.869054317
52386762,1,8.075118065
52401048,1,8.099363804
52415334,1,8.052007675
52429620,1,8.081186295
52443906,1,8.101474762
52458192,1,8.016466141
52472478,1,7.992683887
52486764,1,8.0992589
52501050,1,7.959206581
52515336,1,8.116182327
52529622,1,8.056435585
52543908,1,8.111116886
52558194,1,8.069525719
52572480,1,7.564032078
52586766,1,8.058139801
52601052,1,8.092635155
52615338,1,7.7206738
52629624,1,7.431771278
52643910,1,7.714513779
52658196,1,8.124043941
52672482,1,8.031664848
52686768,1,8.067305565
52701054,1,8.043260574
52715340,1,8.09162426
52729626,1,7.864329815
52743912,1,8.013468742
52758198,1,7.250714779
52772484,1,8.113454819
52786770,1,7.975054741
52801056,1,7.371119261
52815342,1,8.089489937
52829628,1,7.980115891
52843914,1,8.07915926
52858200,1,7.543155193
52872486,1,8.053656578
52886772,1,8.110494614
52901058,1,8.129163742
52915344,1,7.953249454
52929630,1,7.957850456
52943916,1,7.637305737
52958202,1,7.481743813
52972488,1,8.136570454
52986774,1,8.025688648
53001060,1,8.114842415
53015346,1,8.010605812
53029632,1,7.997516155
53043918,1,8.101825237
53058204,1,7.913677692
53072490,1,7.906432152
53086776,1,7.743707895
53101062,1,8.189632893
53115348,1,7.920432091
53129634,1,8.06319046
53143920,1,8.077866554
53158206,1,8.110883713
53172492,1,7.997391701
53186778,1,8.083584785
53201064,1,8.021336555
53215350,1,7.619993687
53229636,1,8.092791557
53243922,1,8.091457367
53258208,1,7.862192154
53272494,1,7.873842239
53286780,1,8.01245594
53301066,1,8.011236191
53315352,1,8.069903374
53329638,1,7.948297024
53343924,1,8.124808311
53358210,1,7.925363541
53372496,1,7.900928974
53386782,1,8.087773323
53401068,1,8.061013222
53415354,1,7.736348629
53429640,1,8.003590584
53443926,1,8.048869133
53458212,1,7.969398975
53472498,1,7.282378912
53486784,1,7.282674074
53501070,1,8.030492306
53515356,1,7.555000782
53529642,1,7.970508575
53543928,1,8.105537415
53558214,1,8.0866642
53572500,1,8.108025074
53586786,1,8.061733723
53601072,1,8.092625141
53615358,1,8.107032299
53629644,1,8.068170547
